[
  {
    "states": [
      {
        "signature": "sha256:117a7dab44f61299bea2fddb6254d31786463893965bbe5dde0a63c2955632eb",
        "mods": [
          {
            "modId": "TConstruct",
            "state": "Available"
          }
        ]
      },
      {
        "signature": "sha256:1ae54a129da169229769ce1b444721134312d1823799ea121749729065c4921c",
        "mods": [
          {
            "modId": "OpenBlocks",
            "state": "Available"
          }
        ]
      },
      {
        "signature": "sha256:1b4c252170748607c3476945061cdbe09f7e5c35307f7c042d2237b1931ef702",
        "mods": [
          {
            "modId": "HoloInventory",
            "state": "Available"
          }
        ]
      },
      {
        "signature": "sha256:cd204f1f4e153501dfa9773fb7507b9f801a032891dae31032999df8bf28a231",
        "mods": [
          {
            "modId": "StargateTech2",
            "state": "Available"
          }
        ]
      },
      {
        "signature": "sha256:fa7b093ce0b1946222695f5e3b8e0fba44d9f19c0d3cdda21de79a4409546c00",
        "mods": [
          {
            "modId": "Mekanism",
            "state": "Available"
          }
        ]
      },
      {
        "signature": "sha256:fd3111ea6d228d1d531c398010e82bfa6e01b805ee46fe442ea171cf03006cae",
        "mods": [
          {
            "modId": "ThermalFoundation",
            "state": "Available"
          }
        ]
      },
      {
        "signature": "sha256:c5f93519168f95e78bceaafbc8cd5a9a083e0d70d5ece07289f32941a6295017",
        "mods": [
          {
            "modId": "Natura",
            "state": "Available"
          }
        ]
      },
      {
        "signature": "sha256:05ae8f11b8f9012ebebbf179227b010829739c6284e30da5dd3db220ee682f8a",
        "mods": [
          {
            "modId": "Baubles",
            "state": "Available"
          }
        ]
      },
      {
        "signature": "sha256:920de52efc2aae0472098ac264d5f01f04a1f4d1410e9113a3579a21158be345",
        "mods": []
      },
      {
        "signature": "sha256:982ecda662123c062afe46bccffdaba933df3f7f78abe36045f2feea2c0498c9",
        "mods": [
          {
            "modId": "ProjRed|Expansion",
            "state": "Available"
          },
          {
            "modId": "ProjRed|Transportation",
            "state": "Available"
          }
        ]
      },
      {
        "signature": "sha256:fd7612bb2c8a23f9682d3ceebef9eabb04de0d422b2208c1df1b0e5430cd7240",
        "mods": [
          {
            "modId": "Oceancraft",
            "state": "Available"
          }
        ]
      },
      {
        "signature": "sha256:a9760e1ee4b5e3d0f5189e87b87d91d5f99a0cbde9d0a2340079923df8e4c885",
        "mods": [
          {
            "modId": "ImmibisCore",
            "state": "Available"
          }
        ]
      },
      {
        "signature": "sha256:1e306aa286aebdc54881ac4406b053985edd3aa5eeda5eab82345952ccbab65b",
        "mods": [
          {
            "modId": "appliedenergistics2",
            "state": "Available"
          }
        ]
      },
      {
        "signature": "sha256:cfddaa73af1e9a8e74dddc8d0ef1c0feb9aed6ff9007e7650f89fd3ef39d5884",
        "mods": [
          {
            "modId": "IC2",
            "state": "Available"
          }
        ]
      },
      {
        "signature": "sha256:a223b977286971dc84bf92a0f56cc8291d83a6f98bc1aeeecdbbf785227851e8",
        "mods": [
          {
            "modId": "ProjRed|Illumination",
            "state": "Available"
          }
        ]
      },
      {
        "signature": "sha256:d4cc8ec694908e7c373630e354cf2343f8c4478fdb41eb6205f45ab5d387a079",
        "mods": [
          {
            "modId": "FML",
            "state": "Available"
          },
          {
            "modId": "Forge",
            "state": "Available"
          }
        ]
      },
      {
        "signature": "sha256:a70753809a02d96c8ee3051a6e4edd63fc86c5a9a0935751cc1d1b5f56725064",
        "mods": [
          {
            "modId": "OpenComputers",
            "state": "Available"
          }
        ]
      },
      {
        "signature": "sha256:5ec3c14ec51a6e4ca7f2a4755239c9ccd78f2291fe67ae89aae8acb848003444",
        "mods": [
          {
            "modId": "MekanismGenerators",
            "state": "Available"
          }
        ]
      },
      {
        "signature": "sha256:b4398a26a09fae8685cc02ec87935079655ffdb516420c774cb3cbd241b29683",
        "mods": [
          {
            "modId": "Botania",
            "state": "Available"
          }
        ]
      },
      {
        "signature": "sha256:6cc11b93914c7ec84036cd5922cf1cbad9a6da663fdfe82a809b2ec737707729",
        "mods": [
          {
            "modId": "cfm",
            "state": "Available"
          }
        ]
      },
      {
        "signature": "sha256:a78ca84b729e1b7d878bd6a0db2fd1055176d08226c92c4299868007dfd34da3",
        "mods": [
          {
            "modId": "ProjRed|Exploration",
            "state": "Available"
          }
        ]
      },
      {
        "signature": "sha256:5db842a13f9e114f71b55383a4fcf05d3e80dfd5e57f993bd0c705c5cdf14ee9",
        "mods": [
          {
            "modId": "mediccraft",
            "state": "Available"
          }
        ]
      },
      {
        "signature": "sha256:0d828049b0a5b297dc0f8a14364f17623f6b865fde87b0d3399ea4c406907f56",
        "mods": [
          {
            "modId": "MrTJPCoreMod",
            "state": "Available"
          }
        ]
      },
      {
        "signature": "sha256:6d11dfe0f637b11ddf9ade03548290a0b16c3a2d12ca9747d5cbed573f3d63df",
        "mods": [
          {
            "modId": "bspkrsCore",
            "state": "Available"
          }
        ]
      },
      {
        "signature": "sha256:521533083284d45aaf3ffc2ee7243737877b1bf7a94b0699cee91e2e3e9535be",
        "mods": [
          {
            "modId": "ProjRed|Integration",
            "state": "Available"
          },
          {
            "modId": "ProjRed|Transmission",
            "state": "Available"
          }
        ]
      },
      {
        "signature": "sha256:c5e7c29bd9bec8f606ba6fa224ef0285e3c6fa24770c0b5116e15086cac0eef3",
        "mods": [
          {
            "modId": "Mantle",
            "state": "Available"
          }
        ]
      },
      {
        "signature": "sha256:713dc2248488934fc04d6bd62eb27be374bdc4baf428eeabcb2fd98257496a3b",
        "mods": [
          {
            "modId": "GraviSuite",
            "state": "Available"
          }
        ]
      },
      {
        "signature": "sha256:24852909ac9d66d3a86570209a1580e2902534197e03cda875f7f6a2558a09cf",
        "mods": [
          {
            "modId": "AdvancedRepulsionSystems",
            "state": "Available"
          }
        ]
      },
      {
        "signature": "sha256:8d02ac98edc8a5b63740c41c599432e30d95e77f78d1526264c1c1468404c638",
        "mods": [
          {
            "modId": "BuildCraft|Core",
            "state": "Available"
          },
          {
            "modId": "BuildCraft|Factory",
            "state": "Available"
          },
          {
            "modId": "BuildCraft|Energy",
            "state": "Available"
          },
          {
            "modId": "BuildCraft|Silicon",
            "state": "Available"
          },
          {
            "modId": "BuildCraft|Builders",
            "state": "Available"
          },
          {
            "modId": "BuildCraft|Transport",
            "state": "Available"
          }
        ]
      },
      {
        "signature": "sha256:2adb3048e4f2792d159ffe313217802ce063b91e81684041fea740db7df465d0",
        "mods": [
          {
            "modId": "ThermalExpansion",
            "state": "Available"
          }
        ]
      },
      {
        "signature": "sha256:ee7840eb553b850bdb32ed5be6194936f02f2cb2c9b915e4996312ec4a812588",
        "mods": []
      },
      {
        "signature": "sha256:365287a423115761211160bb6ec966796d3be4e47440a46edaa5674fbc115515",
        "mods": [
          {
            "modId": "GalacticraftMars",
            "state": "Available"
          }
        ]
      },
      {
        "signature": "sha256:c9e6554c73b6e66506f27b2af9a1b0f26a63d28efbb658382aceec20f35a5464",
        "mods": [
          {
            "modId": "LLadders",
            "state": "Available"
          }
        ]
      },
      {
        "signature": "sha256:c563d8ef72c76bc4f50025ac39814a35de4f74d88c48311c1657a725eb0fd670",
        "mods": [
          {
            "modId": "Railcraft",
            "state": "Available"
          }
        ]
      },
      {
        "signature": "sha256:7d92eef9937273c1202b2f781db2c21a94751d7e767ee4a356df72808a73b4da",
        "mods": [
          {
            "modId": "CoFHCore",
            "state": "Available"
          }
        ]
      },
      {
        "signature": "sha256:b0d5758c5c9bea894eccd74210cfc9d68eb1384806161d2394e726f1352defe1",
        "mods": [
          {
            "modId": "ComputerCraft",
            "state": "Available"
          }
        ]
      },
      {
        "signature": "sha256:fed8475b72693b347f43127f7db59cba52d6f6c5d07f1c484277e235788ebd34",
        "mods": []
      },
      {
        "signature": "sha256:ebe7e5087829866f536e1add831028ef3a41af2455501eb0af5b440c1089769c",
        "mods": [
          {
            "modId": "McMultipart",
            "state": "Available"
          },
          {
            "modId": "ForgeMicroblock",
            "state": "Available"
          },
          {
            "modId": "ForgeMultipart",
            "state": "Available"
          }
        ]
      },
      {
        "signature": "sha256:ebeb1a89ad22295116512c68b15e9ae06075eb255224fb6bd1b43934fa5e4a41",
        "mods": [
          {
            "modId": "OpenMods",
            "state": "Available"
          }
        ]
      },
      {
        "signature": "sha256:55dfd86410fae33ac968682b46bac63a30fe2cf379dc13d5dd0af7cb021787c2",
        "mods": [
          {
            "modId": "AdvancedSolarPanel",
            "state": "Available"
          }
        ]
      },
      {
        "signature": "sha256:8772f727448b8c68785331ae051cb5d80ac6ade14b36646eed101f621356b1b1",
        "mods": [
          {
            "modId": "OpenEye",
            "state": "Available"
          }
        ]
      },
      {
        "signature": "sha256:b079865ef464220c9b6d3d295cae06d8a0d8dbcc577a539149b13116ead96a7b",
        "mods": [
          {
            "modId": "SGCraft",
            "state": "Available"
          }
        ]
      },
      {
        "signature": "sha256:e1a065e56d74a2bc6db90865ea6e3a4124d3c1ba4be5b5da6acb395ffc732d5b",
        "mods": [
          {
            "modId": "CompactSolars",
            "state": "Available"
          }
        ]
      },
      {
        "signature": "sha256:c4509027f89b2bbc800827d6c6173138f3eb833fc1ccdbc37a30dfe1ac4660d4",
        "mods": []
      },
      {
        "signature": "sha256:48500f0366022b67a4ff955037387f53c41a522ac3147fd32119da587b3fd623",
        "mods": [
          {
            "modId": "customnpcs",
            "state": "Available"
          }
        ]
      },
      {
        "signature": "sha256:76e87e274d9913aeecaf3e28567bda058bcfe9dd13cadfeb9f39e42a7c1ae5be",
        "mods": [
          {
            "modId": "ProjRed|Core",
            "state": "Available"
          }
        ]
      },
      {
        "signature": "sha256:9dc3e321976e65b4cb2fe8c476e5547b0c677ec646d0c49ac6d8557a52fb8249",
        "mods": [
          {
            "modId": "AdvancedMachines",
            "state": "Available"
          }
        ]
      },
      {
        "signature": "sha256:88e1314554b9fb24356d6629b65512c0080c80ae98d9bb275ebdf299ab13241b",
        "mods": [
          {
            "modId": "Treecapitator",
            "state": "Available"
          }
        ]
      },
      {
        "signature": "sha256:cb4e4591aee9e479cd607c528846e1e20518eabef46481b0848d4c4939bdb13c",
        "mods": [
          {
            "modId": "MarketCompanion",
            "state": "Available"
          }
        ]
      },
      {
        "signature": "sha256:34c66a32ed1fac3752255909fe1529c245bcd0e35b7d56932fcfd0b55ae33edc",
        "mods": [
          {
            "modId": "NEIAddons|Botany",
            "state": "Available"
          },
          {
            "modId": "NEIAddons|Forestry",
            "state": "Available"
          },
          {
            "modId": "NEIAddons|CraftingTables",
            "state": "Available"
          },
          {
            "modId": "NEIAddons|ExNihilo",
            "state": "Available"
          },
          {
            "modId": "NEIAddons",
            "state": "Available"
          }
        ]
      },
      {
        "signature": "sha256:1bccc2d4727f9ad2b811d4532e6fe96848e9b92398b08452bc6a3778e9badb0d",
        "mods": [
          {
            "modId": "extendedWorkbench",
            "state": "Available"
          }
        ]
      },
      {
        "signature": "sha256:80297b18dded8709000e40986f29e22c4fe2af6bef85c2940f7210f72e190525",
        "mods": [
          {
            "modId": "Tubestuff",
            "state": "Available"
          }
        ]
      },
      {
        "signature": "sha256:65dbbd7a214482543ffdecea1f588762fb8d706bf1c0186ba912f72552774539",
        "mods": [
          {
            "modId": "NotEnoughItems",
            "state": "Available"
          }
        ]
      },
      {
        "signature": "sha256:e54a87b3088f24e34fc6fdb8950af6403d6bd098df08d01ece3c270e4d0ffa0a",
        "mods": [
          {
            "modId": "GalacticraftCore",
            "state": "Available"
          }
        ]
      },
      {
        "signature": "sha256:6ec0c7f5c30122beba78754034b2d6ccb8bb67b49ebfbdf2cd9579bb07cf52d7",
        "mods": [
          {
            "modId": "Forestry",
            "state": "Available"
          }
        ]
      },
      {
        "signature": "sha256:920de52efc2aae0472098ac264d5f01f04a1f4d1410e9113a3579a21158be345",
        "mods": []
      },
      {
        "signature": "sha256:6a009859c63103490b3741e54aeb87aba1e77253bde710140fa1585dc6f2434d",
        "mods": []
      },
      {
        "signature": "sha256:94a22e1ca863d0f0c7001bb6a2569fc720443a9a1a9b63eaee711bf4b443594d",
        "mods": [
          {
            "modId": "MekanismTools",
            "state": "Available"
          }
        ]
      },
      {
        "signature": "sha256:0fa4b308c7a5ebc617ddc2b8cd605ea3b2f400dd71e6e3658e356a2a6126817d",
        "mods": [
          {
            "modId": "flansmod",
            "state": "Available"
          }
        ]
      },
      {
        "signature": "sha256:db49aadd12a4e7d849dd416e525da86309d087712bf71e6418d22848da93a62d",
        "mods": [
          {
            "modId": "BiblioCraft",
            "state": "Available"
          }
        ]
      },
      {
        "signature": "sha256:cc6beb8cbbb0bc26f298fdbd9eabc9219e736064b1a105f43186b04db794b3cf",
        "mods": [
          {
            "modId": "desertcraft",
            "state": "Available"
          }
        ]
      }
    ],
    "timestamp": 1428801451067,
    "location": "crash_handler",
    "exception": {
      "stack": [
        {
          "class": "dan200.computercraft.shared.peripheral.modem.TileModemBase",
          "method": "onNeighbourChange",
          "file": "TileModemBase.java",
          "line": 52,
          "signatures": [
            "sha256:b0d5758c5c9bea894eccd74210cfc9d68eb1384806161d2394e726f1352defe1"
          ]
        },
        {
          "class": "dan200.computercraft.shared.common.BlockGeneric",
          "method": "func_149695_a",
          "file": "BlockGeneric.java",
          "line": 172,
          "signatures": [
            "sha256:b0d5758c5c9bea894eccd74210cfc9d68eb1384806161d2394e726f1352defe1"
          ]
        },
        {
          "class": "net.minecraft.world.World",
          "method": "func_147460_e",
          "file": "World.java",
          "line": 1073
        },
        {
          "class": "dan200.computercraft.shared.util.RedstoneUtil",
          "method": "propogateRedstoneOutput",
          "file": "RedstoneUtil.java",
          "line": 85,
          "signatures": [
            "sha256:b0d5758c5c9bea894eccd74210cfc9d68eb1384806161d2394e726f1352defe1"
          ]
        },
        {
          "class": "dan200.computercraft.shared.computer.blocks.TileComputerBase",
          "method": "updateOutput",
          "file": "TileComputerBase.java",
          "line": 343,
          "signatures": [
            "sha256:b0d5758c5c9bea894eccd74210cfc9d68eb1384806161d2394e726f1352defe1"
          ]
        },
        {
          "class": "dan200.computercraft.shared.computer.blocks.TileComputerBase",
          "method": "func_145845_h",
          "file": "TileComputerBase.java",
          "line": 212,
          "signatures": [
            "sha256:b0d5758c5c9bea894eccd74210cfc9d68eb1384806161d2394e726f1352defe1"
          ]
        },
        {
          "class": "net.minecraft.world.World",
          "method": "func_72939_s",
          "file": "World.java",
          "line": 2491
        },
        {
          "class": "net.minecraft.world.WorldServer",
          "method": "func_72939_s",
          "file": "WorldServer.java",
          "line": 669
        },
        {
          "class": "net.minecraft.server.MinecraftServer",
          "method": "func_71190_q",
          "file": "MinecraftServer.java",
          "line": 943
        },
        {
          "class": "net.minecraft.server.dedicated.DedicatedServer",
          "method": "func_71190_q",
          "file": "DedicatedServer.java",
          "line": 423
        },
        {
          "class": "net.minecraft.server.MinecraftServer",
          "method": "func_71217_p",
          "file": "MinecraftServer.java",
          "line": 798
        },
        {
          "class": "net.minecraft.server.MinecraftServer",
          "method": "run",
          "file": "MinecraftServer.java",
          "line": 658
        },
        {
          "class": "java.lang.Thread",
          "method": "run",
          "file": "Thread.java",
          "line": 745,
          "signatures": []
        }
      ],
      "exception": "java.lang.ArrayIndexOutOfBoundsException",
      "message": "8"
    },
    "random": 429108017,
    "resolved": true,
    "branding": [
      "Minecraft 1.7.10",
      "MCP v9.05",
      "FML v7.10.88.1307",
      "git-Cauldron-MCPC-Plus-1.7.10-1.1307.06.218 (MC: 1.7.10) (API v1.7.10-R0.1-SNAPSHOT)",
      "Minecraft Forge 10.13.2.1307",
      "77 mods loaded, 77 mods active"
    ],
    "runtime": {
      "mcp": "MCP v9.05",
      "fml": "7.10.88.1307",
      "forge": "10.13.2.1307"
    },
    "minecraft": "Minecraft 1.7.10",
    "javaVersion": "Oracle Corporation 1.7.0_76",
    "side": "server",
    "obfuscated": true,
    "type": "crashlog"
  }
]