[
  {
    "states": [
      {
        "signature": "sha256:c98cf84fc17c4193d10838112e9953044d47ebbdfbf2f81a82091d297b228de9",
        "mods": [
          {
            "modId": "BuildCraft|Core",
            "state": "Available"
          },
          {
            "modId": "BuildCraft|Factory",
            "state": "Available"
          },
          {
            "modId": "BuildCraft|Energy",
            "state": "Available"
          },
          {
            "modId": "BuildCraft|Silicon",
            "state": "Available"
          },
          {
            "modId": "BuildCraft|Builders",
            "state": "Available"
          },
          {
            "modId": "BuildCraft|Transport",
            "state": "Available"
          }
        ]
      },
      {
        "signature": "sha256:f6e85646e18db639729b36b2e86d4a17b8cebde2ef7d5d48cc169a78db5d3196",
        "mods": [
          {
            "modId": "TConstruct",
            "state": "Available"
          }
        ]
      },
      {
        "signature": "sha256:1ae54a129da169229769ce1b444721134312d1823799ea121749729065c4921c",
        "mods": [
          {
            "modId": "OpenBlocks",
            "state": "Available"
          }
        ]
      },
      {
        "signature": "sha256:1b4c252170748607c3476945061cdbe09f7e5c35307f7c042d2237b1931ef702",
        "mods": [
          {
            "modId": "HoloInventory",
            "state": "Available"
          }
        ]
      },
      {
        "signature": "sha256:c5f93519168f95e78bceaafbc8cd5a9a083e0d70d5ece07289f32941a6295017",
        "mods": [
          {
            "modId": "Natura",
            "state": "Available"
          }
        ]
      },
      {
        "signature": "sha256:484a1f41d9988a3a6099a5b1a1d6dbec2d99794eb2c920402a9abfe9e1d6e458",
        "mods": [
          {
            "modId": "GalacticraftMars",
            "state": "Available"
          }
        ]
      },
      {
        "signature": "sha256:47f7aaa06ef23c6cebff752003cd17bed98e9b10a6b19b858244043ffb2a5303",
        "mods": []
      },
      {
        "signature": "sha256:05ae8f11b8f9012ebebbf179227b010829739c6284e30da5dd3db220ee682f8a",
        "mods": [
          {
            "modId": "Baubles",
            "state": "Available"
          }
        ]
      },
      {
        "signature": "sha256:920de52efc2aae0472098ac264d5f01f04a1f4d1410e9113a3579a21158be345",
        "mods": []
      },
      {
        "signature": "sha256:982ecda662123c062afe46bccffdaba933df3f7f78abe36045f2feea2c0498c9",
        "mods": [
          {
            "modId": "ProjRed|Expansion",
            "state": "Available"
          },
          {
            "modId": "ProjRed|Transportation",
            "state": "Available"
          }
        ]
      },
      {
        "signature": "sha256:fd7612bb2c8a23f9682d3ceebef9eabb04de0d422b2208c1df1b0e5430cd7240",
        "mods": [
          {
            "modId": "Oceancraft",
            "state": "Available"
          }
        ]
      },
      {
        "signature": "sha256:a223b977286971dc84bf92a0f56cc8291d83a6f98bc1aeeecdbbf785227851e8",
        "mods": [
          {
            "modId": "ProjRed|Illumination",
            "state": "Available"
          }
        ]
      },
      {
        "signature": "sha256:693e6af9fbb50ad707d5df6a6d37ec29a315a29c1d4bacef0b5cef6c85f99dca",
        "mods": [
          {
            "modId": "FML",
            "state": "Available"
          },
          {
            "modId": "Forge",
            "state": "Available"
          }
        ]
      },
      {
        "signature": "sha256:41d24b280791fc0a2afdbc7fbbda6386310bd544f92dd79f4088593dbef7394e",
        "mods": [
          {
            "modId": "CoFHCore",
            "state": "Available"
          }
        ]
      },
      {
        "signature": "sha256:4c6b841a8ded253387a7d7cd1aafebe38a0e192ad188a7c2fc3f200657ca7c41",
        "mods": [
          {
            "modId": "GalacticraftCore",
            "state": "Available"
          }
        ]
      },
      {
        "signature": "sha256:b4398a26a09fae8685cc02ec87935079655ffdb516420c774cb3cbd241b29683",
        "mods": [
          {
            "modId": "Botania",
            "state": "Available"
          }
        ]
      },
      {
        "signature": "sha256:d9b0abc50f14f5ff1f53dfb2128016c7ffae831fee369cfc67ce8c8eb8d79b50",
        "mods": [
          {
            "modId": "MekanismGenerators",
            "state": "Available"
          }
        ]
      },
      {
        "signature": "sha256:6cc11b93914c7ec84036cd5922cf1cbad9a6da663fdfe82a809b2ec737707729",
        "mods": [
          {
            "modId": "cfm",
            "state": "Available"
          }
        ]
      },
      {
        "signature": "sha256:a78ca84b729e1b7d878bd6a0db2fd1055176d08226c92c4299868007dfd34da3",
        "mods": [
          {
            "modId": "ProjRed|Exploration",
            "state": "Available"
          }
        ]
      },
      {
        "signature": "sha256:8e06369172e3cca2f0765a126e1f6af10bc496eb36da4ebf99c7517cb5c4df53",
        "mods": [
          {
            "modId": "MekanismTools",
            "state": "Available"
          }
        ]
      },
      {
        "signature": "sha256:b632b7b83f1488232a7cd8e80d5a4ad4ac29be19c7991112a4ef6b7d93ebad2b",
        "mods": [
          {
            "modId": "StargateTech2",
            "state": "Available"
          }
        ]
      },
      {
        "signature": "sha256:5db842a13f9e114f71b55383a4fcf05d3e80dfd5e57f993bd0c705c5cdf14ee9",
        "mods": [
          {
            "modId": "mediccraft",
            "state": "Available"
          }
        ]
      },
      {
        "signature": "sha256:0d828049b0a5b297dc0f8a14364f17623f6b865fde87b0d3399ea4c406907f56",
        "mods": [
          {
            "modId": "MrTJPCoreMod",
            "state": "Available"
          }
        ]
      },
      {
        "signature": "sha256:6d11dfe0f637b11ddf9ade03548290a0b16c3a2d12ca9747d5cbed573f3d63df",
        "mods": [
          {
            "modId": "bspkrsCore",
            "state": "Available"
          }
        ]
      },
      {
        "signature": "sha256:521533083284d45aaf3ffc2ee7243737877b1bf7a94b0699cee91e2e3e9535be",
        "mods": [
          {
            "modId": "ProjRed|Integration",
            "state": "Available"
          },
          {
            "modId": "ProjRed|Transmission",
            "state": "Available"
          }
        ]
      },
      {
        "signature": "sha256:c5e7c29bd9bec8f606ba6fa224ef0285e3c6fa24770c0b5116e15086cac0eef3",
        "mods": [
          {
            "modId": "Mantle",
            "state": "Available"
          }
        ]
      },
      {
        "signature": "sha256:a7de9f0431a675ea2afba2fd1b3aaf5cb74bc99775890a32b5f50cb9dad41990",
        "mods": [
          {
            "modId": "OpenComputers",
            "state": "Available"
          }
        ]
      },
      {
        "signature": "sha256:713dc2248488934fc04d6bd62eb27be374bdc4baf428eeabcb2fd98257496a3b",
        "mods": [
          {
            "modId": "GraviSuite",
            "state": "Available"
          }
        ]
      },
      {
        "signature": "sha256:24852909ac9d66d3a86570209a1580e2902534197e03cda875f7f6a2558a09cf",
        "mods": [
          {
            "modId": "AdvancedRepulsionSystems",
            "state": "Available"
          }
        ]
      },
      {
        "signature": "sha256:0ba8c7770bbacc7fb9ca7b56ceeadaa083c3d8550c5c57dec8353075fa3d36c1",
        "mods": []
      },
      {
        "signature": "sha256:a0250933fe8cc6a44eb098016d4dadaba7746a27efc3d5a7f4f4c9bf247cfe09",
        "mods": []
      },
      {
        "signature": "sha256:c9e6554c73b6e66506f27b2af9a1b0f26a63d28efbb658382aceec20f35a5464",
        "mods": [
          {
            "modId": "LLadders",
            "state": "Available"
          }
        ]
      },
      {
        "signature": "sha256:c563d8ef72c76bc4f50025ac39814a35de4f74d88c48311c1657a725eb0fd670",
        "mods": [
          {
            "modId": "Railcraft",
            "state": "Available"
          }
        ]
      },
      {
        "signature": "sha256:0497227202f4d7240e30d11954412e9c9e536ba0169d6233cac92fb9b3c7d692",
        "mods": [
          {
            "modId": "ThermalExpansion",
            "state": "Available"
          }
        ]
      },
      {
        "signature": "sha256:4e0df8d62c293f47468d33339ab52dd0341981a3ba0ce6f4f6566a9daf9a09e6",
        "mods": [
          {
            "modId": "IC2",
            "state": "Available"
          }
        ]
      },
      {
        "signature": "sha256:1c990fd30fc915cd7ddbe003fabf578c7f9dad79feef65c62d2448d66eee8081",
        "mods": [
          {
            "modId": "Mekanism",
            "state": "Available"
          }
        ]
      },
      {
        "signature": "sha256:ebe7e5087829866f536e1add831028ef3a41af2455501eb0af5b440c1089769c",
        "mods": [
          {
            "modId": "McMultipart",
            "state": "Available"
          },
          {
            "modId": "ForgeMicroblock",
            "state": "Available"
          },
          {
            "modId": "ForgeMultipart",
            "state": "Available"
          }
        ]
      },
      {
        "signature": "sha256:ebeb1a89ad22295116512c68b15e9ae06075eb255224fb6bd1b43934fa5e4a41",
        "mods": [
          {
            "modId": "OpenMods",
            "state": "Available"
          }
        ]
      },
      {
        "signature": "sha256:55dfd86410fae33ac968682b46bac63a30fe2cf379dc13d5dd0af7cb021787c2",
        "mods": [
          {
            "modId": "AdvancedSolarPanel",
            "state": "Available"
          }
        ]
      },
      {
        "signature": "sha256:8772f727448b8c68785331ae051cb5d80ac6ade14b36646eed101f621356b1b1",
        "mods": [
          {
            "modId": "OpenEye",
            "state": "Available"
          }
        ]
      },
      {
        "signature": "sha256:d4804e021ed711e25bcb5f15aed770784f867bdcce718eecee3e0d27c09b4386",
        "mods": [
          {
            "modId": "ComputerCraft",
            "state": "Available"
          }
        ]
      },
      {
        "signature": "sha256:6ad9f3ef88458dc4b93b4ab4516807ccbf213b7eefe4239685451d1260fa9405",
        "mods": [
          {
            "modId": "SGCraft",
            "state": "Available"
          }
        ]
      },
      {
        "signature": "sha256:e1a065e56d74a2bc6db90865ea6e3a4124d3c1ba4be5b5da6acb395ffc732d5b",
        "mods": [
          {
            "modId": "CompactSolars",
            "state": "Available"
          }
        ]
      },
      {
        "signature": "sha256:48500f0366022b67a4ff955037387f53c41a522ac3147fd32119da587b3fd623",
        "mods": [
          {
            "modId": "customnpcs",
            "state": "Available"
          }
        ]
      },
      {
        "signature": "sha256:76e87e274d9913aeecaf3e28567bda058bcfe9dd13cadfeb9f39e42a7c1ae5be",
        "mods": [
          {
            "modId": "ProjRed|Core",
            "state": "Available"
          }
        ]
      },
      {
        "signature": "sha256:9dc3e321976e65b4cb2fe8c476e5547b0c677ec646d0c49ac6d8557a52fb8249",
        "mods": [
          {
            "modId": "AdvancedMachines",
            "state": "Available"
          }
        ]
      },
      {
        "signature": "sha256:88e1314554b9fb24356d6629b65512c0080c80ae98d9bb275ebdf299ab13241b",
        "mods": [
          {
            "modId": "Treecapitator",
            "state": "Available"
          }
        ]
      },
      {
        "signature": "sha256:8c4ac78f5f66cbf8b9063175e5504dea7f53c50748083a1bf1595fdc91928e71",
        "mods": [
          {
            "modId": "ImmibisCore",
            "state": "Available"
          }
        ]
      },
      {
        "signature": "sha256:34c66a32ed1fac3752255909fe1529c245bcd0e35b7d56932fcfd0b55ae33edc",
        "mods": [
          {
            "modId": "NEIAddons|Botany",
            "state": "Available"
          },
          {
            "modId": "NEIAddons|Forestry",
            "state": "Available"
          },
          {
            "modId": "NEIAddons|CraftingTables",
            "state": "Available"
          },
          {
            "modId": "NEIAddons|ExNihilo",
            "state": "Available"
          },
          {
            "modId": "NEIAddons",
            "state": "Available"
          }
        ]
      },
      {
        "signature": "sha256:1bccc2d4727f9ad2b811d4532e6fe96848e9b92398b08452bc6a3778e9badb0d",
        "mods": [
          {
            "modId": "extendedWorkbench",
            "state": "Available"
          }
        ]
      },
      {
        "signature": "sha256:80297b18dded8709000e40986f29e22c4fe2af6bef85c2940f7210f72e190525",
        "mods": [
          {
            "modId": "Tubestuff",
            "state": "Available"
          }
        ]
      },
      {
        "signature": "sha256:65dbbd7a214482543ffdecea1f588762fb8d706bf1c0186ba912f72552774539",
        "mods": [
          {
            "modId": "NotEnoughItems",
            "state": "Available"
          }
        ]
      },
      {
        "signature": "sha256:6ec0c7f5c30122beba78754034b2d6ccb8bb67b49ebfbdf2cd9579bb07cf52d7",
        "mods": [
          {
            "modId": "Forestry",
            "state": "Available"
          }
        ]
      },
      {
        "signature": "sha256:920de52efc2aae0472098ac264d5f01f04a1f4d1410e9113a3579a21158be345",
        "mods": []
      },
      {
        "signature": "sha256:6a009859c63103490b3741e54aeb87aba1e77253bde710140fa1585dc6f2434d",
        "mods": []
      },
      {
        "signature": "sha256:eee898ec899fbb4dfd133bb815787df216d10bd89fafecdee0496e930a746279",
        "mods": [
          {
            "modId": "appliedenergistics2",
            "state": "Available"
          }
        ]
      },
      {
        "signature": "sha256:e2d5c8210d9e6c3f83c99183d6e07d76ce85059732afbc6443b1c4935f049780",
        "mods": [
          {
            "modId": "ThermalFoundation",
            "state": "Available"
          }
        ]
      },
      {
        "signature": "sha256:0fa4b308c7a5ebc617ddc2b8cd605ea3b2f400dd71e6e3658e356a2a6126817d",
        "mods": [
          {
            "modId": "flansmod",
            "state": "Available"
          }
        ]
      },
      {
        "signature": "sha256:db49aadd12a4e7d849dd416e525da86309d087712bf71e6418d22848da93a62d",
        "mods": [
          {
            "modId": "BiblioCraft",
            "state": "Available"
          }
        ]
      },
      {
        "signature": "sha256:cc6beb8cbbb0bc26f298fdbd9eabc9219e736064b1a105f43186b04db794b3cf",
        "mods": [
          {
            "modId": "desertcraft",
            "state": "Available"
          }
        ]
      }
    ],
    "timestamp": 1424545372359,
    "location": "entity_write",
    "exception": {
      "stack": [
        {
          "class": "com.flansmod.common.guns.EntityAAGun",
          "method": "func_70014_b",
          "file": "EntityAAGun.java",
          "line": 507,
          "signatures": [
            "sha256:0fa4b308c7a5ebc617ddc2b8cd605ea3b2f400dd71e6e3658e356a2a6126817d"
          ]
        },
        {
          "class": "net.minecraft.entity.Entity",
          "method": "func_70109_d",
          "file": "Entity.java",
          "line": 1571
        },
        {
          "class": "net.minecraft.entity.Entity",
          "method": "func_70039_c",
          "file": "Entity.java",
          "line": 1507
        },
        {
          "class": "net.minecraft.world.chunk.storage.AnvilChunkLoader",
          "method": "func_75820_a",
          "file": "AnvilChunkLoader.java",
          "line": 367
        },
        {
          "class": "net.minecraft.world.chunk.storage.AnvilChunkLoader",
          "method": "func_75816_a",
          "file": "AnvilChunkLoader.java",
          "line": 218
        },
        {
          "class": "net.minecraft.world.gen.ChunkProviderServer",
          "method": "func_73242_b",
          "file": "ChunkProviderServer.java",
          "line": 338
        },
        {
          "class": "net.minecraft.world.gen.ChunkProviderServer",
          "method": "func_73156_b",
          "file": "ChunkProviderServer.java",
          "line": 483
        },
        {
          "class": "net.minecraft.world.WorldServer",
          "method": "func_72835_b",
          "file": "WorldServer.java",
          "line": 254
        },
        {
          "class": "net.minecraft.server.MinecraftServer",
          "method": "func_71190_q",
          "file": "MinecraftServer.java",
          "line": 920
        },
        {
          "class": "net.minecraft.server.dedicated.DedicatedServer",
          "method": "func_71190_q",
          "file": "DedicatedServer.java",
          "line": 423
        },
        {
          "class": "net.minecraft.server.MinecraftServer",
          "method": "func_71217_p",
          "file": "MinecraftServer.java",
          "line": 798
        },
        {
          "class": "net.minecraft.server.MinecraftServer",
          "method": "run",
          "file": "MinecraftServer.java",
          "line": 658
        },
        {
          "class": "java.lang.Thread",
          "method": "run",
          "file": "Thread.java",
          "line": 745,
          "signatures": []
        }
      ],
      "exception": "java.lang.NullPointerException",
      "message": ""
    },
    "random": -548307329,
    "resolved": true,
    "branding": [
      "Minecraft 1.7.10",
      "MCP v9.05",
      "FML v7.10.85.1272",
      "git-Cauldron-MCPC-Plus-1.7.10-1.1236.06.212 (MC: 1.7.10) (API v1.7.10-R0.1-SNAPSHOT)",
      "Minecraft Forge 10.13.2.1272",
      "76 mods loaded, 76 mods active"
    ],
    "runtime": {
      "mcp": "MCP v9.05",
      "fml": "7.10.85.1272",
      "forge": "10.13.2.1272"
    },
    "minecraft": "Minecraft 1.7.10",
    "javaVersion": "Oracle Corporation 1.7.0_76",
    "side": "server",
    "obfuscated": true,
    "type": "crashlog"
  }
]